{
  "title": "Mawaqit Prayer Times",
  "config": {
    "step": {
      "user": {
        "title": "Mawaqit",
        "description": "Get a Mawaqit account at https://mawaqit.net/ and enter your credentials. Then, Submit to validate and choose your favourite mosque.",
        "data": {
          "username": "[%key:common::config_flow::data::email%]",
          "password": "[%key:common::config_flow::data::password%]",
          "server": "Server"
        }
      },
      "select_server": {
        "title": "Select your favourite mosque",
        "description": "Multiple mosques available, select one:",
        "data": {
          "username": "[%key:common::config_flow::data::email%]",
          "password": "[%key:common::config_flow::data::password%]", 	
          "server": "Server"
        }
      }            
    },
    "abort": {
      "one_instance_allowed": "Only a single instance is necessary.",
      "no_mosque": "Sorry, no Mawaqit Mosque in your neighberhood"
    }
  },
  "options": {
    "step": {
      "init": {
        "data": {
          "calculation_method": "Prayer calculation method"
        }
      }
    }
  }
}
